Episode,Reward,Steps,AvgReward,TotalSteps,Epsilon
1.0,-344.6069266148175,89.0,-344.6069266148175,89.0,0.9991545
2.0,-507.2017688726277,107.0,-425.9043477437226,196.0,0.998138
3.0,-394.58311739833675,91.0,-415.463937628594,287.0,0.9972735
4.0,-452.0692419799112,113.0,-424.6152637164233,400.0,0.9962
5.0,-440.9026035272886,100.0,-427.8727316785964,500.0,0.99525
6.0,-82.54823144343752,64.0,-370.3186483060699,564.0,0.994642
7.0,-314.5192104679097,137.0,-362.3473000434756,701.0,0.9933405
8.0,-71.24476409114467,143.0,-325.9594830494342,844.0,0.991982
9.0,-241.83299680098105,92.0,-316.61209568849495,936.0,0.991108
10.0,-175.10263637924754,117.0,-302.46114975757024,1053.0,0.9899965
11.0,-105.08252760898684,130.0,-284.51763865315354,1183.0,0.9887615
12.0,-285.3079077624171,70.0,-284.58349441225886,1253.0,0.9880965
13.0,-320.8313641600302,96.0,-287.3717920851643,1349.0,0.9871845
14.0,-465.37701543171187,125.0,-300.086450895632,1474.0,0.985997
15.0,-191.2951833382424,81.0,-292.83369972513935,1555.0,0.9852275
16.0,-183.7748748871672,135.0,-286.0175231727661,1690.0,0.983945
17.0,-325.75356324248264,90.0,-288.3549372945141,1780.0,0.98309
18.0,-74.39984885799885,90.0,-276.46854349248554,1870.0,0.982235
19.0,-317.9303269409803,92.0,-278.6507426213537,1962.0,0.981361
20.0,-342.55217437345414,137.0,-281.8458142089587,2099.0,0.9800595
21.0,-195.86388371938875,101.0,-277.7514365665982,2200.0,0.9791
22.0,-109.55063454227007,98.0,-270.1059455654924,2298.0,0.978169
23.0,-281.6401237128218,88.0,-270.607431571898,2386.0,0.977333
24.0,-220.59952327253302,100.0,-268.5237687260912,2486.0,0.976383
25.0,-190.4665531305737,110.0,-265.40148010227045,2596.0,0.975338
26.0,-34.31514480945492,115.0,-256.5135441294699,2711.0,0.9742455
27.0,-96.24986209326235,83.0,-250.5778522022029,2794.0,0.973457
28.0,-340.43956056099256,96.0,-253.78719892930255,2890.0,0.972545
29.0,-308.9771419523339,107.0,-255.69030041285535,2997.0,0.9715285
30.0,-379.7081963521414,90.0,-259.8242302774982,3087.0,0.9706735
31.0,-487.9333931446336,126.0,-267.1825903699865,3213.0,0.9694765
32.0,-28.030548039874702,76.0,-259.70908904717044,3289.0,0.9687545
33.0,-99.21703920492135,138.0,-254.8456935974053,3427.0,0.9674435
34.0,-401.8845599996913,84.0,-259.170366138649,3511.0,0.9666455
35.0,-76.21879390440621,89.0,-253.9431783605278,3600.0,0.9658
36.0,-161.40123155741094,106.0,-251.3725687271079,3706.0,0.964793
37.0,-90.57450856917643,80.0,-247.02667520932596,3786.0,0.964033
38.0,-94.18254738370538,78.0,-243.00446131917803,3864.0,0.963292
39.0,-86.65301869819811,92.0,-238.99544996992213,3956.0,0.962418
40.0,-420.1729676364305,100.0,-243.52488791158484,4056.0,0.961468
41.0,-407.76059965105657,132.0,-247.53063697840125,4188.0,0.960214
42.0,-130.30000947963595,77.0,-244.73943156176398,4265.0,0.9594825
43.0,-103.19112327194176,112.0,-241.44761043874485,4377.0,0.9584185000000001
44.0,-150.8656599079975,95.0,-239.38892974486419,4472.0,0.957516
45.0,-76.07822900484712,93.0,-235.75980306175268,4565.0,0.9566325
46.0,-121.74440190705845,114.0,-233.28120738447674,4679.0,0.9555495
47.0,-188.01476768303797,79.0,-232.31809164614828,4758.0,0.954799
48.0,-224.145768491944,156.0,-232.14783491376906,4914.0,0.953317
49.0,-58.50520932771362,105.0,-228.6041078609924,5019.0,0.9523195
50.0,-378.62525269413237,164.0,-231.6045307576552,5183.0,0.9507615
51.0,-477.3782839840334,145.0,-236.4236239581724,5328.0,0.949384
52.0,-207.6458829868693,113.0,-235.87020586257043,5441.0,0.9483105000000001
53.0,-193.1320843990726,122.0,-235.06382621231575,5563.0,0.9471515
54.0,-117.07898236189983,122.0,-232.87892169656732,5685.0,0.9459925
55.0,-109.31057157372126,157.0,-230.63222442160648,5842.0,0.944501
56.0,-194.7248446597384,98.0,-229.99102121157313,5940.0,0.94357
57.0,-276.0270895682968,123.0,-230.79867153362093,6063.0,0.9424015
58.0,-299.80658902690425,115.0,-231.9884632145396,6178.0,0.941309
59.0,-239.977786688382,83.0,-232.1238754768081,6261.0,0.9405205
60.0,-313.06485526713755,99.0,-233.47289180664694,6360.0,0.93958
61.0,-99.06531880214254,139.0,-231.26948897050752,6499.0,0.9382595
62.0,-170.36381725186916,131.0,-230.2871394266585,6630.0,0.937015
63.0,-103.37301099274403,127.0,-228.27262945151702,6757.0,0.9358085
64.0,-196.97172444045128,122.0,-227.7835528107191,6879.0,0.9346495
65.0,-108.57637992396657,119.0,-225.94959630476907,6998.0,0.933519
66.0,-200.0727220959416,97.0,-225.55752245312016,7095.0,0.9325975
67.0,-206.27153273648474,93.0,-225.26967186033454,7188.0,0.931714
68.0,-409.6236728575321,97.0,-227.98076011029332,7285.0,0.9307925
69.0,-90.61731447861442,129.0,-225.9899855359212,7414.0,0.929567
70.0,-39.20635327698981,72.0,-223.32164793222216,7486.0,0.928883
71.0,-140.72836331386486,150.0,-222.15836223337206,7636.0,0.927458
72.0,-227.3957777959122,154.0,-222.23110411618512,7790.0,0.925995
73.0,-101.67025213338869,74.0,-220.57958559587283,7864.0,0.925292
74.0,-125.62324420655465,99.0,-219.29639179331448,7963.0,0.9243515
75.0,-50.27318141645194,164.0,-217.04274898828965,8127.0,0.9227935
76.0,-215.1684007290198,137.0,-217.01808651119399,8264.0,0.921492
77.0,-153.15320561431156,131.0,-216.18867247357213,8395.0,0.9202475
78.0,-72.9324598546301,121.0,-214.35205436307288,8516.0,0.919098
79.0,-229.82487868171097,165.0,-214.5479128987518,8681.0,0.9175305
80.0,-62.70262553900978,122.0,-212.64984680675508,8803.0,0.9163715
81.0,-194.159956986277,113.0,-212.42157656205782,8916.0,0.9152980000000001
82.0,-165.10816427513714,94.0,-211.8445837292905,9010.0,0.914405
83.0,-164.68408615736467,115.0,-211.27638496336368,9125.0,0.9133125
84.0,-43.03745815038142,79.0,-209.2735405965425,9204.0,0.912562
85.0,-312.13365183272094,201.0,-210.48365955226225,9405.0,0.9106525
86.0,-169.0654711218798,104.0,-210.0020527100485,9509.0,0.9096645
87.0,-88.70912967063873,87.0,-208.6078811808599,9596.0,0.908838
88.0,-68.77389128236842,121.0,-207.01885856837697,9717.0,0.9076885
89.0,-65.98722718158449,81.0,-205.43423349661524,9798.0,0.906919
90.0,-49.333526261584765,109.0,-203.69978119400378,9907.0,0.9058835000000001
91.0,-65.27149005991653,80.0,-202.1785911815413,9987.0,0.9051235
92.0,-49.942639862287336,99.0,-200.52385258024506,10086.0,0.904183
93.0,-121.98319689574768,134.0,-199.67932940084188,10220.0,0.90291
94.0,-140.17409678753287,114.0,-199.0462950113386,10334.0,0.901827
95.0,-169.58432802071525,146.0,-198.73616904301625,10480.0,0.90044
96.0,-93.76268249630014,144.0,-197.64269522482127,10624.0,0.899072
97.0,0.3941704353018167,175.0,-195.6010780530674,10799.0,0.8974095
98.0,-68.64346871584792,94.0,-194.30559224350395,10893.0,0.8965165
99.0,-66.1906422279611,109.0,-193.01150183930653,11002.0,0.895481
100.0,-125.98803763971382,151.0,-192.3412671973106,11153.0,0.8940465
101.0,-183.14739125751296,123.0,-190.72667184373756,11276.0,0.8928780000000001
102.0,-72.45009107421846,122.0,-186.37915506575348,11398.0,0.891719
103.0,-32.496427411540296,166.0,-182.75828816588555,11564.0,0.890142
104.0,-216.64443548340438,102.0,-180.40404010092047,11666.0,0.889173
105.0,-53.21327738795168,101.0,-176.5271468395271,11767.0,0.8882135
106.0,-87.05184802080576,123.0,-176.5721830053008,11890.0,0.887045
107.0,-52.99123316264614,187.0,-173.95690323224815,12077.0,0.8852685
108.0,-101.56873315072407,107.0,-174.26014292284395,12184.0,0.884252
109.0,-247.88348566223365,194.0,-174.32064781145647,12378.0,0.882409
110.0,-33.50152832336359,75.0,-172.9046367308976,12453.0,0.8816965
111.0,-41.182073859784396,153.0,-172.2656321934056,12606.0,0.880243
112.0,-24.573070853003784,148.0,-169.65828382431144,12754.0,0.878837
113.0,-91.79339814808338,99.0,-167.367904164192,12853.0,0.8778965
114.0,-174.98951063083888,127.0,-164.4640291161833,12980.0,0.87669
115.0,-8.782776427308448,142.0,-162.63890504707393,13122.0,0.875341
116.0,-34.06653749099516,93.0,-161.14182167311222,13215.0,0.8744575
117.0,-25.390396977386473,151.0,-158.13819001046124,13366.0,0.873023
118.0,-157.94839515215992,141.0,-158.97367547340286,13507.0,0.8716835
119.0,-105.07739959120903,100.0,-156.84514619990514,13607.0,0.8707335
120.0,-71.57119104190372,158.0,-154.13533636658963,13765.0,0.8692325000000001
121.0,-143.5868818028746,103.0,-153.61256634742446,13868.0,0.8682540000000001
122.0,-93.9876072568423,92.0,-153.4569360745702,13960.0,0.86738
123.0,-45.063419037192915,176.0,-151.09116902781392,14136.0,0.865708
124.0,-198.37541214064245,152.0,-150.868927916495,14288.0,0.864264
125.0,-72.82811026183371,126.0,-149.6925434878076,14414.0,0.863067
126.0,-191.88188721005318,156.0,-151.2682109118136,14570.0,0.861585
127.0,-34.1381900141742,78.0,-150.64709419102272,14648.0,0.860844
128.0,-58.931635050389374,142.0,-147.8320149359167,14790.0,0.859495
129.0,-81.47058706522724,79.0,-145.55694938704565,14869.0,0.8587445
130.0,-64.64523320506795,129.0,-142.4063197555749,14998.0,0.857519
131.0,-38.3977227266255,170.0,-137.91096305139482,15168.0,0.855904
132.0,-80.03776701639936,117.0,-138.4310352411601,15285.0,0.8547925000000001
133.0,-86.2152066921124,120.0,-138.30101691603198,15405.0,0.8536525
134.0,-37.66337329558863,165.0,-134.65880504899096,15570.0,0.852085
135.0,-72.54567756301114,82.0,-134.62207388557698,15652.0,0.851306
136.0,-40.27012858694775,175.0,-133.41076285587235,15827.0,0.8496435
137.0,-54.20052019046543,109.0,-133.04702297208524,15936.0,0.848608
138.0,-25.097922917844542,184.0,-132.35617672742666,16120.0,0.8468600000000001
139.0,-117.87383126432923,91.0,-132.66838485308796,16211.0,0.8459955
140.0,-34.193751774537915,118.0,-128.808592694469,16329.0,0.8448745
141.0,48.65338681121183,500.0,-124.24445282984634,16829.0,0.8401245
142.0,-35.99539936799741,114.0,-123.30140672872996,16943.0,0.8390415
143.0,-53.411626233438255,140.0,-122.80361175834493,17083.0,0.8377115
144.0,-79.04396124458667,105.0,-122.08539477171084,17188.0,0.836714
145.0,-233.3526925449657,166.0,-123.65813940711197,17354.0,0.835137
146.0,-26.746692297456107,191.0,-122.70816231101597,17545.0,0.8333225
147.0,-22.873482675863286,127.0,-121.05674946094423,17672.0,0.8321160000000001
148.0,-156.91776079210337,124.0,-120.38446938394581,17796.0,0.830938
149.0,-19.73537805971951,128.0,-119.99677107126587,17924.0,0.8297220000000001
150.0,-32.4711667048138,186.0,-116.53523021137268,18110.0,0.827955
151.0,-16.20398933495946,202.0,-111.92348726488196,18312.0,0.826036
152.0,-98.535608376202,133.0,-110.83238451877527,18445.0,0.8247725
153.0,-14.39492027407016,81.0,-109.04501287752527,18526.0,0.824003
154.0,-125.10041092641436,133.0,-109.12522716317041,18659.0,0.8227395
155.0,-113.87120341519868,170.0,-109.17083348158519,18829.0,0.8211245
156.0,-4.996425460399365,186.0,-107.2735492895918,19015.0,0.8193575
157.0,-65.1670897052075,111.0,-105.16494929096092,19126.0,0.818303
158.0,-76.65820854231015,117.0,-102.93346548611498,19243.0,0.8171915000000001
159.0,-433.72091283346714,154.0,-104.87089674756584,19397.0,0.8157285000000001
160.0,-97.31833430199762,113.0,-102.71343153791442,19510.0,0.814655
161.0,-13.935381749079994,88.0,-101.86213216738378,19598.0,0.8138190000000001
162.0,-86.09001458712524,134.0,-101.01939414073632,19732.0,0.812546
163.0,-100.19336925046336,93.0,-100.98759772331351,19825.0,0.8116625000000001
164.0,-247.04309487999421,116.0,-101.48831142770896,19941.0,0.8105605
165.0,-72.91523451456698,85.0,-101.13169997361496,20026.0,0.8097530000000001
166.0,-20.934182282880926,142.0,-99.34031457548437,20168.0,0.808404
167.0,-45.34369310024116,80.0,-97.73103617912194,20248.0,0.807644
168.0,-101.22989640500431,83.0,-94.64709841459664,20331.0,0.8068555000000001
169.0,-11.204954968813638,164.0,-93.85297481949866,20495.0,0.8052975
170.0,-51.03042260404976,162.0,-93.97121551276925,20657.0,0.8037585
171.0,-46.348487929414155,102.0,-93.02741675892476,20759.0,0.8027895
172.0,-51.01560818799322,108.0,-91.26361506284556,20867.0,0.8017635000000001
173.0,-13.007910000315377,172.0,-90.37699164151482,21039.0,0.8001295
174.0,-17.448786485400973,122.0,-89.2952470643033,21161.0,0.7989705
175.0,-20.764436893737027,218.0,-89.00015961907613,21379.0,0.7968995000000001
176.0,-12.23089526575454,124.0,-86.97078456444348,21503.0,0.7957215
177.0,-52.204761494220385,189.0,-85.96130012324258,21692.0,0.793926
178.0,-196.6068410704264,154.0,-87.19804393540053,21846.0,0.792463
179.0,-82.7894735386897,102.0,-85.7276898839703,21948.0,0.791494
180.0,-63.55280405250514,92.0,-85.73619166910528,22040.0,0.79062
181.0,-75.14978340965922,169.0,-84.5460899333391,22209.0,0.7890145000000001
182.0,-34.61300952887406,131.0,-83.24113838587645,22340.0,0.7877700000000001
183.0,-144.45737602008455,115.0,-83.03887128450366,22455.0,0.7866775
184.0,-65.56018596899766,97.0,-83.26409856268984,22552.0,0.785756
185.0,-41.75657141929502,126.0,-80.56032775855557,22678.0,0.784559
186.0,-68.57602403620322,171.0,-79.5554332876988,22849.0,0.7829345000000001
187.0,-18.482734965225163,174.0,-78.85316934064467,23023.0,0.7812815
188.0,-66.24627868848088,104.0,-78.8278932147058,23127.0,0.7802935
189.0,-31.13544500401052,128.0,-78.47937539293005,23255.0,0.7790775000000001
190.0,-19.51136439719238,186.0,-78.18115377428612,23441.0,0.7773105
191.0,-77.1790867372674,109.0,-78.30022974105962,23550.0,0.776275
192.0,-11.39097376365821,173.0,-77.91471308007334,23723.0,0.7746315
193.0,-42.069102797958394,198.0,-77.11557213909546,23921.0,0.7727505
194.0,-53.18096452699331,182.0,-76.24564081649005,24103.0,0.7710215
195.0,-55.466718937543725,84.0,-75.10446472565835,24187.0,0.7702235000000001
196.0,-47.49469413135161,200.0,-74.64178484200886,24387.0,0.7683235
197.0,-47.62751969531424,138.0,-75.12200174331501,24525.0,0.7670125000000001
198.0,-39.01258364057481,200.0,-74.82569289256229,24725.0,0.7651125000000001
199.0,-48.58165264420859,197.0,-74.64960299672475,24922.0,0.7632410000000001
200.0,38.66047645174709,145.0,-73.00311785581015,25067.0,0.7618635
201.0,-60.27349457717564,182.0,-71.77437888900677,25249.0,0.7601345
202.0,-135.95562292427604,97.0,-72.40943420750736,25346.0,0.759213
203.0,104.06239024831605,500.0,-71.0438460309088,25846.0,0.754463
204.0,-31.668057213886357,157.0,-69.1940822482136,26003.0,0.7529715
205.0,-18.515890077745013,131.0,-68.84710837511155,26134.0,0.751727
206.0,-92.59820754366878,145.0,-68.90257197034018,26279.0,0.7503495
207.0,-102.2458626074907,128.0,-69.39511826478862,26407.0,0.7491335
208.0,-69.6159669527931,134.0,-69.07559060280931,26541.0,0.7478605
209.0,-70.19260407586495,77.0,-67.29868178694562,26618.0,0.747129
210.0,-28.14416125376107,86.0,-67.2451081162496,26704.0,0.7463120000000001
211.0,-41.86483520850394,98.0,-67.2519357297368,26802.0,0.7453810000000001
212.0,-71.8845248720786,197.0,-67.72505026992754,26999.0,0.7435095
213.0,-34.29534645923857,109.0,-67.15006975303909,27108.0,0.7424740000000001
214.0,5.540141249370905,112.0,-65.34477323423698,27220.0,0.74141
215.0,-113.55144161300124,277.0,-66.39245988609392,27497.0,0.7387785
216.0,-30.095033483803903,124.0,-66.35274484602199,27621.0,0.7376005000000001
217.0,-27.980382082465752,110.0,-66.37864469707279,27731.0,0.7365555
218.0,-35.426273403605734,96.0,-65.15342347958725,27827.0,0.7356435
219.0,-66.22518067185956,88.0,-64.76490129039375,27915.0,0.7348075000000001
220.0,-88.95783115456919,109.0,-64.93876769152041,28024.0,0.7337720000000001
221.0,-95.51815308605165,109.0,-64.45808040435219,28133.0,0.7327365
222.0,-94.28792958374815,63.0,-64.46108362762125,28196.0,0.732138
223.0,-74.27154967260834,136.0,-64.75316493397541,28332.0,0.7308460000000001
224.0,-25.49660768277991,130.0,-63.024376889396784,28462.0,0.729611
225.0,-51.7218819642976,174.0,-62.813314606421415,28636.0,0.7279580000000001
226.0,-30.571424755801758,169.0,-61.2002099818789,28805.0,0.7263525
227.0,-98.44807578884809,113.0,-61.843308839625635,28918.0,0.725279
228.0,-78.6558911764101,130.0,-62.04055140088585,29048.0,0.724044
229.0,-49.244429909429584,151.0,-61.718289829327865,29199.0,0.7226095
230.0,-45.16674509973709,198.0,-61.52350494827458,29397.0,0.7207285000000001
231.0,-62.20696531182985,154.0,-61.761597374126616,29551.0,0.7192655000000001
232.0,-57.6467269183224,156.0,-61.537686973145846,29707.0,0.7177835
233.0,3.1268254256357864,111.0,-60.644266651968366,29818.0,0.7167290000000001
234.0,30.364099094659423,113.0,-59.96399192806588,29931.0,0.7156555
235.0,-61.82010723706369,136.0,-59.8567362248064,30067.0,0.7143635
236.0,-42.1408643838524,158.0,-59.87544358277545,30225.0,0.7128625
237.0,-50.33337196844506,175.0,-59.83677210055525,30400.0,0.7112
238.0,-15.350948914146528,148.0,-59.739302360518266,30548.0,0.709794
239.0,-37.745783380833416,165.0,-58.9380218816833,30713.0,0.7082265000000001
240.0,-78.89387732704107,162.0,-59.385023137208336,30875.0,0.7066875
241.0,-27.354019863240467,194.0,-60.145097203952865,31069.0,0.7048445000000001
242.0,-72.65858598710031,159.0,-60.51172907014389,31228.0,0.703334
243.0,-31.219757062501188,134.0,-60.289810378434524,31362.0,0.702061
244.0,6.450473071745861,138.0,-59.4348660352712,31500.0,0.70075
245.0,-49.184510614349804,172.0,-57.59318421596504,31672.0,0.6991160000000001
246.0,-159.4435903963206,112.0,-58.92015319695368,31784.0,0.6980520000000001
247.0,-54.63589908971741,186.0,-59.23777736109221,31970.0,0.696285
248.0,-21.88992318276155,126.0,-57.8874989849988,32096.0,0.695088
249.0,-28.36676108379322,134.0,-57.97381281523953,32230.0,0.6938150000000001
250.0,-22.36083147023848,188.0,-57.87270946289379,32418.0,0.692029
251.0,-53.70819564119916,246.0,-58.24775152595619,32664.0,0.689692
252.0,-24.18037497243654,122.0,-57.50419919191853,32786.0,0.6885330000000001
253.0,-51.57575667513869,152.0,-57.87600755592923,32938.0,0.6870890000000001
254.0,-39.252473246296624,125.0,-57.01752817912805,33063.0,0.6859015
255.0,-227.61249829713773,152.0,-58.15494112794743,33215.0,0.6844575
256.0,-50.167779344407414,132.0,-58.60665466678752,33347.0,0.6832035000000001
257.0,-8.635950361664783,140.0,-58.04134327335208,33487.0,0.6818735
258.0,-5.193476031517434,104.0,-57.32669594824416,33591.0,0.6808855
259.0,-18.546020993614377,143.0,-53.17494702984563,33734.0,0.679527
260.0,-47.380661495862675,154.0,-52.67557030178428,33888.0,0.678064
261.0,-23.211758097457817,111.0,-52.768334065268064,33999.0,0.6770095
262.0,-12.838734229965041,121.0,-52.03582126169646,34120.0,0.67586
263.0,-7.659149365202936,141.0,-51.11047906284386,34261.0,0.6745205000000001
264.0,-37.45345452711068,118.0,-49.01458265931503,34379.0,0.6733995
265.0,-84.61869331809231,163.0,-49.13161724735028,34542.0,0.671851
266.0,-19.03247367065528,222.0,-49.112600161228016,34764.0,0.6697420000000001
267.0,-154.2020882315738,231.0,-50.20118411254134,34995.0,0.6675475
268.0,-51.363740276854074,139.0,-49.70252255125985,35134.0,0.666227
269.0,-19.138267902374693,157.0,-49.78185568059544,35291.0,0.6647355
270.0,-19.451157057190727,87.0,-49.46606302512686,35378.0,0.6639090000000001
271.0,-0.31305479620540666,94.0,-49.005708693794766,35472.0,0.663016
272.0,-49.86478264266756,118.0,-48.9942004383415,35590.0,0.6618950000000001
273.0,-5.357739945319068,195.0,-48.91769873779154,35785.0,0.6600425000000001
274.0,61.62217081915946,500.0,-48.126989164745936,36285.0,0.6552925
275.0,-26.03449799733643,172.0,-48.179689775781924,36457.0,0.6536585
276.0,-51.26814080431474,147.0,-48.57006223116752,36604.0,0.6522620000000001
277.0,-7.472701222395102,155.0,-48.12274162844927,36759.0,0.6507895
278.0,-36.28599074587288,140.0,-46.51953312520374,36899.0,0.6494595000000001
279.0,-62.49812058016563,151.0,-46.31661959561851,37050.0,0.6480250000000001
280.0,-45.61071152366553,188.0,-46.137198670330115,37238.0,0.646239
281.0,53.295748486186085,119.0,-44.852743351371664,37357.0,0.6451085000000001
282.0,-49.87316826341499,116.0,-45.00534493871707,37473.0,0.6440065
283.0,10.40942006756049,166.0,-43.456676977840615,37639.0,0.6424295
284.0,-40.508118258477325,229.0,-43.20615630073541,37868.0,0.6402540000000001
285.0,-19.460006489350704,122.0,-42.98319065143598,37990.0,0.639095
286.0,-58.311067547954124,174.0,-42.88054108655348,38164.0,0.6374420000000001
287.0,-20.211373144433338,124.0,-42.89782746834557,38288.0,0.636264
288.0,-44.97957114678043,100.0,-42.685160392928566,38388.0,0.635314
289.0,-25.31123179578134,158.0,-42.62691826084626,38546.0,0.6338130000000001
290.0,66.02045529053802,500.0,-41.77160006396896,39046.0,0.629063
291.0,-59.030476375705135,99.0,-41.590113960353335,39145.0,0.6281225
292.0,-29.97770288658974,118.0,-41.77598125158265,39263.0,0.6270015
293.0,-30.49625710256761,112.0,-41.66025279462875,39375.0,0.6259375
294.0,-25.36877194988739,220.0,-41.38213086885769,39595.0,0.6238475000000001
295.0,-29.855462974252845,125.0,-41.12601830922478,39720.0,0.62266
296.0,-31.95748556138861,167.0,-40.970646223525144,39887.0,0.6210735000000001
297.0,-63.69820349001101,107.0,-41.13135306147212,39994.0,0.6200570000000001
298.0,-67.66799606146002,138.0,-41.41790718568098,40132.0,0.618746
299.0,-1.969285371611491,290.0,-40.951783512955004,40422.0,0.6159910000000001
300.0,39.73815131295815,500.0,-40.94100676434289,40922.0,0.611241
301.0,134.38613201744784,500.0,-38.994410498396654,41422.0,0.6064910000000001
302.0,-30.53900375935534,179.0,-37.94024430674745,41601.0,0.6047905
303.0,10.43233570882991,122.0,-38.8765448521423,41723.0,0.6036315000000001
304.0,69.90351779274278,225.0,-37.86082910207601,41948.0,0.601494
305.0,84.45245327079883,500.0,-36.83114566859057,42448.0,0.596744
306.0,74.42744760326345,500.0,-35.16088911712126,42948.0,0.5919940000000001
307.0,-24.192693346103738,129.0,-34.38035742450739,43077.0,0.5907685
308.0,10.359664297958318,113.0,-33.58060111199987,43190.0,0.5896950000000001
309.0,0.09380970159342894,173.0,-32.87773697422529,43363.0,0.5880515000000001
310.0,-3.0920783320981116,111.0,-32.62721614500865,43474.0,0.586997
311.0,-95.831393098153,305.0,-33.166881723905156,43779.0,0.5840995
312.0,1.1616566699373294,201.0,-32.43641990848499,43980.0,0.58219
313.0,-38.577393638610815,376.0,-32.47924038027871,44356.0,0.5786180000000001
314.0,-55.68734951096706,143.0,-33.091515287882096,44499.0,0.5772595
315.0,58.074210146371925,500.0,-31.37525877028836,44999.0,0.5725095
316.0,89.82232359003143,500.0,-30.176085199550005,45499.0,0.5677595
317.0,-17.262062744961725,167.0,-30.068902006174966,45666.0,0.566173
318.0,-30.12118335676007,79.0,-30.01585110570651,45745.0,0.5654225
319.0,-15.892032616271123,219.0,-29.51251962515063,45964.0,0.563342
320.0,-47.717432190220535,159.0,-29.10011563550714,46123.0,0.5618315
321.0,-61.767975628492756,143.0,-28.762613860931552,46266.0,0.560473
322.0,20.87996261512491,105.0,-27.610934938942822,46371.0,0.5594755
323.0,-68.60692091214159,134.0,-27.554288651338155,46505.0,0.5582025
324.0,14.676083996480799,155.0,-27.152561734545547,46660.0,0.5567300000000001
325.0,-26.87464819583802,141.0,-26.904089396860947,46801.0,0.5553905000000001
326.0,1.2576095012563542,189.0,-26.585799054290366,46990.0,0.5535950000000001
327.0,-52.02099282263984,134.0,-26.121528224628282,47124.0,0.552322
328.0,30.90110633459105,214.0,-25.025958249518276,47338.0,0.550289
329.0,-27.867003483157532,115.0,-24.81218398525555,47453.0,0.5491965000000001
330.0,-45.8338036338336,91.0,-24.81885457059652,47544.0,0.548332
331.0,-38.55762801787196,148.0,-24.58236119765694,47692.0,0.546926
332.0,-18.916332358249022,112.0,-24.195057252056202,47804.0,0.5458620000000001
333.0,-32.23222384055127,115.0,-24.548647744718075,47919.0,0.5447695000000001
334.0,-50.34063657316231,95.0,-25.35569510139629,48014.0,0.5438670000000001
335.0,-71.00495925868735,87.0,-25.447543621612525,48101.0,0.5430405
336.0,-34.754600899497035,210.0,-25.373680986768974,48311.0,0.5410455000000001
337.0,-96.75842018659607,132.0,-25.837931468950483,48443.0,0.5397915
338.0,-31.060597368706453,111.0,-25.995027953496084,48554.0,0.538737
339.0,-24.72580661945385,233.0,-25.864828185882292,48787.0,0.5365235
340.0,128.01915361094095,500.0,-23.795697876502473,49287.0,0.5317735000000001
341.0,-12.572289378153371,200.0,-23.647880571651605,49487.0,0.5298735000000001
342.0,-29.04105191123476,135.0,-23.211705230892946,49622.0,0.528591
343.0,-54.60918937467372,106.0,-23.445599554014674,49728.0,0.527584
344.0,28.690782798999805,204.0,-23.223196456742134,49932.0,0.5256460000000001
345.0,58.52766685107417,145.0,-22.146074682087892,50077.0,0.5242685
346.0,-50.33977207766325,122.0,-21.055036498901316,50199.0,0.5231095000000001
347.0,111.71904868749603,500.0,-19.391487021129183,50699.0,0.5183595000000001
348.0,-4.3486361097237705,144.0,-19.216074150398804,50843.0,0.5169915
349.0,43.56976198939836,105.0,-18.496708919666887,50948.0,0.5159940000000001
350.0,-68.37616988603783,121.0,-18.95686230382488,51069.0,0.5148445
351.0,22.927720161939902,159.0,-18.190503145793492,51228.0,0.5133340000000001
352.0,-65.37134375876522,92.0,-18.60241283365678,51320.0,0.5124600000000001
353.0,38.086233385667356,113.0,-17.70579293304872,51433.0,0.5113865000000001
354.0,52.35162599695961,500.0,-16.789751940616156,51933.0,0.5066365
355.0,-42.97908231632195,102.0,-14.943417780807998,52035.0,0.5056675
356.0,0.7339765870196828,112.0,-14.434400221493725,52147.0,0.5046035
357.0,-27.338347418387983,99.0,-14.621424192060957,52246.0,0.5036630000000001
358.0,91.98197503820727,500.0,-13.64966968136371,52746.0,0.49891300000000005
359.0,14.678227929829475,97.0,-13.317427192129271,52843.0,0.49799150000000003
360.0,-52.58204759714568,131.0,-13.3694410531421,52974.0,0.49674700000000005
361.0,-27.304098726773816,116.0,-13.410364459435261,53090.0,0.4956450000000001
362.0,5.169016828825524,500.0,-13.230286948847356,53590.0,0.4908950000000001
363.0,-73.63477636198053,120.0,-13.890043218815135,53710.0,0.48975500000000005
364.0,-12.1309545698917,99.0,-13.636818219242945,53809.0,0.48881450000000004
365.0,-144.11910638250953,211.0,-14.231822349887116,54020.0,0.4868100000000001
366.0,-20.206467826948625,85.0,-14.24356229145005,54105.0,0.4860025000000001
367.0,-16.57059751031194,274.0,-12.86724738423743,54379.0,0.4833995000000001
368.0,32.43472919919111,128.0,-12.029262689476981,54507.0,0.4821835000000001
369.0,144.52732441706146,500.0,-10.392606766282618,55007.0,0.47743350000000007
370.0,-4.255996839759689,183.0,-10.240655164108308,55190.0,0.4756950000000001
371.0,111.8393794511572,500.0,-9.119130821634684,55690.0,0.47094500000000006
372.0,113.48738081013273,500.0,-7.485609187106679,56190.0,0.466195
373.0,119.97723288102549,500.0,-6.2322594588432345,56690.0,0.4614450000000001
374.0,-24.62861939684619,93.0,-7.094767361003289,56783.0,0.46056150000000007
375.0,-6.284205734955535,142.0,-6.897264438379481,56925.0,0.4592125
376.0,73.58850654996189,202.0,-5.648697964836715,57127.0,0.4572935
377.0,-57.268182714184476,431.0,-6.14665277975461,57558.0,0.453199
378.0,49.847145017961594,154.0,-5.285321422116263,57712.0,0.451736
379.0,98.60171077875427,500.0,-3.674323108527066,58212.0,0.4469860000000001
380.0,99.77197781394305,500.0,-2.2204962151509777,58712.0,0.4422360000000001
381.0,-37.90729813592611,118.0,-3.132526681372101,58830.0,0.44111500000000003
382.0,-28.228641356829286,106.0,-2.9160814123062435,58936.0,0.44010800000000005
383.0,21.406479812466145,173.0,-2.8061108148571874,59109.0,0.43846450000000003
384.0,36.08164349303789,187.0,-2.040213197342034,59296.0,0.4366880000000001
385.0,-82.81704488719987,97.0,-2.6737835813205275,59393.0,0.43576650000000006
386.0,1.86002083177776,84.0,-2.072072697523207,59477.0,0.4349685000000001
387.0,142.61731797766512,500.0,-0.4437857863022222,59977.0,0.43021850000000006
388.0,-12.901368614152815,175.0,-0.12300376097594565,60152.0,0.42855600000000005
389.0,146.79388728771607,500.0,1.5980474298590284,60652.0,0.423806
390.0,-282.5783624699003,251.0,-1.887940747745355,60903.0,0.4214215000000001
391.0,23.01684709080247,107.0,-1.0674675130802795,61010.0,0.42040500000000003
392.0,161.55143674980854,500.0,0.8478238832837037,61510.0,0.4156550000000001
393.0,-24.909352271318696,97.0,0.9036929315961933,61607.0,0.4147335000000001
394.0,139.21962736491648,500.0,2.54957692474423,62107.0,0.40998350000000006
395.0,148.14136352380999,500.0,4.329545189724859,62607.0,0.4052335
396.0,-87.90164189578327,93.0,3.770103626380913,62700.0,0.4043500000000001
397.0,120.33106765433857,500.0,5.61039633782441,63200.0,0.39960000000000007
398.0,40.93736772256358,179.0,6.696449975664645,63379.0,0.3978995000000001
399.0,-33.94373829292262,135.0,6.376705446451535,63514.0,0.3966170000000001
400.0,-17.526823172111136,194.0,5.8040557016008405,63708.0,0.39477400000000007
401.0,29.492715385369934,147.0,4.755121535280061,63855.0,0.39337750000000005
402.0,130.2012064900558,500.0,6.362523637774175,64355.0,0.3886275000000001
403.0,29.621762786672633,183.0,6.554417908552601,64538.0,0.38688900000000004
404.0,151.67776434116058,500.0,7.37216037403678,65038.0,0.3821390000000001
405.0,-34.81352056746485,88.0,6.1795006356541435,65126.0,0.38130300000000006
406.0,30.459894324556018,138.0,5.739825102867069,65264.0,0.3799920000000001
407.0,-58.83385361374763,76.0,5.393413500190629,65340.0,0.3792700000000001
408.0,2.581722141121773,144.0,5.3156340786222644,65484.0,0.37790200000000007
409.0,145.4381664085218,500.0,6.76907764569155,65984.0,0.37315200000000004
410.0,171.5664027699433,500.0,8.515662456711963,66484.0,0.3684020000000001
411.0,-96.38127927537654,131.0,8.510163594939726,66615.0,0.3671575
412.0,130.6130035695809,500.0,9.804677063936161,67115.0,0.3624075000000001
413.0,-37.41197704900523,99.0,9.816331229832219,67214.0,0.3614670000000001
414.0,140.64590251751633,500.0,11.779663750117054,67714.0,0.35671700000000006
415.0,146.34686111172823,500.0,12.662390259770614,68214.0,0.35196700000000003
416.0,-34.94485747114186,110.0,11.414718449158881,68324.0,0.35092200000000007
417.0,23.373547172927232,140.0,11.82107454833777,68464.0,0.3495920000000001
418.0,-38.995117031295514,73.0,11.732335211592417,68537.0,0.3488985000000001
419.0,11.077050792797436,148.0,12.002026045683102,68685.0,0.3474925000000001
420.0,66.21040192575413,129.0,13.14130438684285,68814.0,0.3462670000000001
421.0,157.47089443951745,500.0,15.333693087522953,69314.0,0.34151700000000007
422.0,-65.97895115941974,86.0,14.465103949777506,69400.0,0.3407000000000001
423.0,130.69076786556707,500.0,16.45808083755459,69900.0,0.3359500000000001
424.0,77.39409746724951,130.0,17.08526097226228,70030.0,0.3347150000000001
425.0,-55.586386571766326,93.0,16.798143588503,70123.0,0.33383150000000006
426.0,-29.23759055370151,72.0,16.49319158795342,70195.0,0.33314750000000004
427.0,-54.12087488975597,93.0,16.47219276728226,70288.0,0.3322640000000001
428.0,-5.980870011119862,125.0,16.10337300382515,70413.0,0.3310765000000001
429.0,-69.31230204266622,86.0,15.68892001823006,70499.0,0.33025950000000004
430.0,31.2664281256379,195.0,16.459922335824775,70694.0,0.3284070000000001
431.0,-27.600571392424996,71.0,16.569492902079244,70765.0,0.3277325000000001
432.0,-74.8731817482803,99.0,16.009924408178932,70864.0,0.3267920000000001
433.0,-33.358001590700894,136.0,15.998666630677436,71000.0,0.3255000000000001
434.0,-51.867378958939454,73.0,15.98339920681966,71073.0,0.3248065000000001
435.0,1.4115477462872263,137.0,16.707564276869405,71210.0,0.32350500000000004
436.0,37.96571495728861,169.0,17.434767435437266,71379.0,0.3218995000000001
437.0,236.1881607158244,481.0,20.76423324446147,71860.0,0.3173300000000001
438.0,-53.94077433373258,85.0,20.53543147481121,71945.0,0.31652250000000004
439.0,25.014169834255895,99.0,21.032831239348308,72044.0,0.31558200000000003
440.0,60.73607320242047,161.0,20.3600004352631,72205.0,0.31405250000000007
441.0,-21.724267655167623,96.0,20.26848065249296,72301.0,0.31314050000000004
442.0,-19.94810290413784,144.0,20.359410142563927,72445.0,0.3117725000000001
443.0,17.40564592485339,92.0,21.079558495559194,72537.0,0.3108985000000001
444.0,132.0524122617363,500.0,22.11317479018656,73037.0,0.30614850000000005
445.0,118.5357573530761,500.0,22.71325569520658,73537.0,0.3013985000000001
446.0,-21.551800640289528,112.0,23.00113540958032,73649.0,0.30033450000000006
447.0,145.03246385639014,500.0,23.334269561269263,74149.0,0.29558450000000014
448.0,1.1089470239559347,106.0,23.388845392606058,74255.0,0.29457750000000005
449.0,-0.8320527726600773,138.0,22.944827244985476,74393.0,0.2932665000000001
450.0,32.91267849659826,500.0,23.95771572881184,74893.0,0.28851650000000006
451.0,144.78676670745995,500.0,25.176306194267035,75393.0,0.28376650000000014
452.0,-26.407626531295264,72.0,25.56594336654174,75465.0,0.2830825000000001
453.0,162.0246547810468,500.0,26.805327580495533,75965.0,0.2783325000000001
454.0,-62.51514938467286,90.0,25.656659826679203,76055.0,0.27747750000000004
455.0,-49.016115343379774,86.0,25.59628949640863,76141.0,0.2766605000000001
456.0,39.787652483705415,128.0,25.98682625537549,76269.0,0.2754445000000001
457.0,-4.269526135700332,86.0,26.217514468202364,76355.0,0.27462750000000014
458.0,157.79560750592478,500.0,26.875650792879533,76855.0,0.2698775000000001
459.0,248.4066214995612,283.0,29.212934728576855,77138.0,0.2671890000000001
460.0,169.0965968109253,500.0,31.42972117265756,77638.0,0.2624390000000001
461.0,10.05923011910086,151.0,31.80335446111631,77789.0,0.2610045000000001
462.0,-32.33274819096714,88.0,31.428336810918385,77877.0,0.26016850000000014
463.0,-33.11798956899224,94.0,31.833504678848268,77971.0,0.2592755000000001
464.0,-5.804089321647979,146.0,31.8967733313307,78117.0,0.2578885000000001
465.0,-38.59452493766678,111.0,32.95201914577913,78228.0,0.2568340000000001
466.0,-50.18277702705794,130.0,32.65225605377804,78358.0,0.25559900000000013
467.0,-40.31875797585729,117.0,32.41477444912259,78475.0,0.2544875000000001
468.0,-28.18528357169197,68.0,31.808574321413754,78543.0,0.25384150000000005
469.0,40.185424965307504,107.0,30.765155326896217,78650.0,0.2528250000000001
470.0,26.884963523356134,139.0,31.07656493052737,78789.0,0.25150450000000013
471.0,153.89800547593018,500.0,31.497151190775103,79289.0,0.2467545000000001
472.0,31.437983288849733,500.0,30.676657215562273,79789.0,0.24200450000000007
473.0,-10.49301787224023,160.0,29.371954708029612,79949.0,0.2404845000000001
474.0,153.41578556893026,500.0,31.15239875768738,80449.0,0.23573450000000007
475.0,125.05242642966412,500.0,32.46576507933358,80949.0,0.23098450000000015
476.0,178.80622211379955,500.0,33.517942234971954,81449.0,0.22623450000000012
477.0,-24.371870341016816,95.0,33.84690535870362,81544.0,0.2253320000000001
478.0,263.32688320641165,389.0,35.98170274058813,81933.0,0.22163650000000013
479.0,-73.30354038952628,87.0,34.26265022890533,82020.0,0.22081000000000006
480.0,7.165647903966004,144.0,33.336586929805556,82164.0,0.21944200000000014
481.0,144.34559379249924,500.0,35.1591158490898,82664.0,0.2146920000000001
482.0,156.34957450266214,500.0,37.004898007684716,83164.0,0.20994200000000007
483.0,253.23291264667904,426.0,39.32316233602685,83590.0,0.20589500000000005
484.0,-119.74936806721198,172.0,37.764852220424345,83762.0,0.20426100000000014
485.0,32.41447769921845,115.0,38.91716744628853,83877.0,0.20316850000000009
486.0,31.778437770584198,500.0,39.216351615676594,84377.0,0.19841850000000005
487.0,250.51232595620453,236.0,40.295301695461994,84613.0,0.1961765000000001
488.0,-79.93277663571374,427.0,39.62498761524639,85040.0,0.19212000000000007
489.0,162.85180665505374,500.0,39.78556680891976,85540.0,0.18737000000000015
490.0,131.06902964800983,500.0,43.922040730098864,86040.0,0.18262000000000012
491.0,138.6509160703849,500.0,45.07838141989468,86540.0,0.17787000000000008
492.0,10.852122574715223,500.0,43.57138827814375,87040.0,0.17312000000000005
493.0,-7.323056981426419,500.0,43.74725123104267,87540.0,0.16837000000000013
494.0,265.902872975103,458.0,45.01408368714453,87998.0,0.16401900000000014
495.0,-2.4405439978112122,500.0,43.508264611928325,88498.0,0.1592690000000001
496.0,-36.17810037353847,500.0,44.02550002715076,88998.0,0.15451900000000007
497.0,149.6980083763442,500.0,44.319169434370835,89498.0,0.14976900000000015
498.0,25.19486980455399,121.0,44.16174445519075,89619.0,0.14861950000000013
499.0,6.30972773966657,150.0,44.56427911551662,89769.0,0.14719450000000012
500.0,256.02038543578124,241.0,47.29975120159556,90010.0,0.14490500000000006
501.0,256.4150557692509,215.0,49.56897460543437,90225.0,0.14286250000000011
502.0,47.218806955900504,112.0,48.739150610092814,90337.0,0.14179850000000016
503.0,241.05230914141222,472.0,50.85345607364022,90809.0,0.13731450000000012
504.0,244.14544922687224,440.0,51.77813292249733,91249.0,0.13313450000000016
505.0,240.6807721068771,484.0,54.53307584924075,91733.0,0.12853650000000005
506.0,235.3729185797554,355.0,56.58220609179274,92088.0,0.12516400000000005
507.0,71.69802099011346,500.0,57.88752483783134,92588.0,0.12041400000000013
508.0,300.1414964216084,325.0,60.86312258063621,92913.0,0.11732650000000011
509.0,283.76151278858697,263.0,62.24635604443685,93176.0,0.11482800000000015
510.0,241.02022316978034,438.0,62.940894248435235,93614.0,0.11066700000000007
511.0,79.39457257383339,500.0,64.69865276692732,94114.0,0.10591700000000015
512.0,160.1297512339868,500.0,64.9938202435714,94614.0,0.10116700000000012
513.0,38.72370851437696,500.0,65.75517709920521,95114.0,0.09641700000000009
514.0,155.761686684402,500.0,65.90633494087406,95614.0,0.09166700000000017
515.0,282.0816442250705,267.0,67.2636827720075,95881.0,0.08913050000000011
516.0,260.4619530265004,218.0,70.21775087698391,96099.0,0.08705950000000007
517.0,243.4959407949736,218.0,72.41897481320439,96317.0,0.08498850000000013
518.0,58.445019008764135,500.0,73.39337617360498,96817.0,0.0802385000000001
519.0,68.82984189129587,500.0,73.97090408458996,97317.0,0.07548850000000007
520.0,247.30898265692923,228.0,75.78188989190171,97545.0,0.07332250000000007
521.0,49.889852196432365,500.0,74.70607946947085,98045.0,0.06857250000000015
522.0,68.60540015183237,500.0,76.05192298258338,98545.0,0.06382250000000012
523.0,289.30922224894647,250.0,77.63810752641717,98795.0,0.0614475000000001
524.0,74.04921752302211,500.0,77.60465872697489,99295.0,0.05669750000000007
525.0,63.60038625930428,500.0,78.7965264552856,99795.0,0.051947500000000146
526.0,272.1390989245412,295.0,81.81029335006804,100090.0,0.05
527.0,63.77642884872277,500.0,82.98926638745283,100590.0,0.05
528.0,50.60442994030811,500.0,83.55511938696709,101090.0,0.05
529.0,234.90224593571975,335.0,86.59726486675096,101425.0,0.05
530.0,254.61917832257348,376.0,88.83079236872032,101801.0,0.05
531.0,129.4560528618983,500.0,90.40135861126353,102301.0,0.05
532.0,285.92052915083536,385.0,94.0092957202547,102686.0,0.05
533.0,250.14070752769862,423.0,96.8442828114387,103109.0,0.05
534.0,241.0077115156193,250.0,99.77303371618429,103359.0,0.05
535.0,259.98021831832455,359.0,102.35872042190465,103718.0,0.05
536.0,153.71241419078564,500.0,103.51618741423962,104218.0,0.05
537.0,258.8870459763742,233.0,103.74317626684515,104451.0,0.05
538.0,229.79432737588593,493.0,106.58052728394132,104944.0,0.05
539.0,59.91703558595914,500.0,106.92955594145836,105444.0,0.05
540.0,305.12267905104204,241.0,109.37342199994458,105685.0,0.05
541.0,30.285838835539355,500.0,109.89352306485165,106185.0,0.05
542.0,261.3695311690783,443.0,112.70669940558382,106628.0,0.05
543.0,285.7186226893897,241.0,115.38982917322919,106869.0,0.05
544.0,295.32977348858685,286.0,117.0226027854977,107155.0,0.05
545.0,262.4033804588993,168.0,118.46127901655592,107323.0,0.05
546.0,261.2776059934285,226.0,121.2895730828931,107549.0,0.05
547.0,273.2990898128704,336.0,122.57223934245789,107885.0,0.05
548.0,269.56417749792286,259.0,125.25679164719753,108144.0,0.05
549.0,245.05313003127776,275.0,127.71564347523694,108419.0,0.05
550.0,257.5748848953691,234.0,129.96226553922463,108653.0,0.05
551.0,184.63013830369172,500.0,130.36069925518697,109153.0,0.05
552.0,288.61414798061503,325.0,133.51091700030608,109478.0,0.05
553.0,173.14016133652387,500.0,133.62207206586083,109978.0,0.05
554.0,138.1798379861142,500.0,135.6290219395687,110478.0,0.05
555.0,268.43927273031926,252.0,138.8035758203057,110730.0,0.05
556.0,276.0604938114309,212.0,141.16630423358293,110942.0,0.05
557.0,249.23877495697747,262.0,143.7013872445097,111204.0,0.05
558.0,264.4755168136396,173.0,144.76818633758685,111377.0,0.05
559.0,272.4865735719679,228.0,145.00898585831092,111605.0,0.05
560.0,254.80632665758907,278.0,145.86608315677756,111883.0,0.05
561.0,255.8934140759835,223.0,148.32442499634638,112106.0,0.05
562.0,133.03082008762203,500.0,149.97806067913228,112606.0,0.05
563.0,267.95332487989094,324.0,152.98877382362113,112930.0,0.05
564.0,287.54524139802146,250.0,155.92226713081783,113180.0,0.05
565.0,287.6253620323598,352.0,159.18446600051809,113532.0,0.05
566.0,271.9603065535809,227.0,162.4058968363245,113759.0,0.05
567.0,171.43136145039747,500.0,164.52339803058706,114259.0,0.05
568.0,241.7275594817693,351.0,167.22252646112165,114610.0,0.05
569.0,254.22016800189945,291.0,169.36287389148757,114901.0,0.05
570.0,228.79638906989564,233.0,171.38198814695298,115134.0,0.05
571.0,292.11598681432355,282.0,172.7641679603369,115416.0,0.05
572.0,246.58713089334879,406.0,174.91565943638182,115822.0,0.05
573.0,258.2175902171839,282.0,177.60276551727614,116104.0,0.05
574.0,172.20189948857254,500.0,177.79062665647257,116604.0,0.05
575.0,276.13714045719826,204.0,179.3014737967479,116808.0,0.05
576.0,255.09984880914124,167.0,180.06441006370133,116975.0,0.05
577.0,155.6438561835778,500.0,181.86456732894726,117475.0,0.05
578.0,279.78396900594475,353.0,182.0291381869426,117828.0,0.05
579.0,153.60012949518637,500.0,184.2981748857897,118328.0,0.05
580.0,262.8021526627102,289.0,186.85453993337714,118617.0,0.05
581.0,304.7492310606159,290.0,188.45857630605832,118907.0,0.05
582.0,251.2729474052512,278.0,189.4078100350842,119185.0,0.05
583.0,276.564681994482,232.0,189.6411277285622,119417.0,0.05
584.0,266.70028211674844,351.0,193.50562423040185,119768.0,0.05
585.0,299.20690185094924,395.0,196.1735484719191,120163.0,0.05
586.0,267.2171019023385,196.0,198.52793511323668,120359.0,0.05
587.0,262.68515739673137,359.0,198.64966342764194,120718.0,0.05
588.0,272.4308383468823,318.0,202.1732995774679,121036.0,0.05
